Video.Name,Metric,Width,Height,Video.Length,Frames.per.Second,Frame.Count,Original.Bitrate,Original.Size,Scene.Count,Avg.Motion..,Average Intensity,Avg.PCC,Compression.Preset,Compression.Duration,Compressed.Bitrate,Compressed.Size,Average.PSNR,Average.SSIM,Average.VIFp,Normalized.PSNR,Normalized.SSIM,Normalized.VIFp,Normalized.Duration,Normalized.Size,PSNR.By.Duration,SSIM.By.Duration,VIFp.By.Duration
1008613954-preview.mp4,3.8628307,596,336,25.32,59.94,1513,117.449707,2.942211151,1,0.23271,0.186191876,0.82356,veryfast,4.72,17.97924805,0.452194214,39.61,0.955522254,0.677815587,1.296296296,1.393090749,1.37920919,1.053268068,1,1.230737298,1.32263646,1.309456948
1011314759-preview.mp4,3.3102592,596,336,30.8,50,1540,109.8632813,3.434262276,1,0.19714,0.390949941,0.84904,veryfast,5.39,30.7791748,0.944577217,39.98,0.975031923,0.710082979,1.052356021,1.229294051,1.168772684,1.042342171,1,1.009607066,1.179357495,1.121294636
1021607974-preview.mp4,4.1411893,596,336,16.56,25,414,109.8632813,1.841935158,1,0.16203,0.738511918,0.98908,veryfast,1.12,15.48486328,0.255503654,39.73,0.975371277,0.757923772,1.357142857,1.505137225,1.420200779,1.034118603,1,1.312366738,1.455478338,1.373344194
1080-60fps View.MOV,3.2027324,1920,1080,10.75,60,645,2839.228516,31.61633968,1,0.0666,0.683750346,0.94,veryfast,15.57,1205.922363,12.91687489,31.68459954,0.936750144,0.543396121,1.123788149,1.123256,1.189891379,1.017800691,1.05435774,1.104133805,1.103610962,1.169080931
1080-60fps Walking.MOV,2.9627177,1920,1080,11,60,660,4880.441406,54.27044964,1,0.4596,0.178766398,0.67,faster,26.02,1861.18689,20.39916229,30.24184613,0.868125554,0.423149708,1.001566523,1.001461285,1.000892891,1.012621293,1.00126983,0.989083016,0.98897909,0.98841778
1080p60 Bike 1.mp4,2.9820284,1920,1080,38.644,59.94,2316,3051.875,115.7885351,1,0.29856,0.253245697,0.83765,faster,91.39,1369.522827,52.72599792,27.76,0.868028009,0.428338439,1.029411765,1.011390692,1,1.019709432,1,1.009514802,0.991842049,0.980671522
1080p60 Bike 2.mp4,3.3524926,1920,1080,29.17,59.94,1749,3051.875,87.73809433,1,0.35597,0.358825949,0.80051,fast,76.25,1147.981201,33.47212505,27.64,0.891308424,0.476376747,1.413793103,1.429879804,1.324237657,1.042566944,1.19246767,1.356069375,1.371499272,1.270170386
1080p60 Bike 3.mp4,3.0043582,1920,1080,21.031,59.94,1261,3051.875,63.2643404,1,0.22755,0.54829934,0.84514,faster,40.87,957.5074463,20.13430309,28.2,0.903565197,0.471402993,1,1.060496573,1.017522437,1.024517984,1,0.976068762,1.035117577,0.993171865
1080p60 Bike 4.mp4,3.6230412,1920,1080,56.037,59.94,3358,3051.875,167.8426409,1,0.21832,0.465105159,0.84488,fast,138.95,1196.118164,66.80640221,28.24,0.907588633,0.487765517,1.542857143,1.517440309,1.412352122,1.044558391,1.181840526,1.477042506,1.452709894,1.35210452
160416_30_Smartphone2.mov,5.1066517,1920,1080,11.4,25,285,744.5205078,8.478028297,1,0.2605,0.887257683,0.97,veryfast,4.72,21.98449707,0.24971962,44.6652567,0.984178115,0.731521357,1.652107719,1.869007687,1.758534491,1.033877039,1,1.597973122,1.807765931,1.700912608
161212_068_Vietnam_1080p96fps.mp4,2.9101808,1920,1080,32.48,25,812,5331.632935,170.3689117,1,0.2236,0.352166317,0.94,faster,19.47,146.9918213,4.757061005,40.69303204,0.973037535,0.521797117,1,1.003038607,1,1.031907914,1,0.969078719,0.972023369,0.969078719
171124_B1_HD_001.mp4,3.0674348,1920,1080,19.2,25,480,3680.15271,69.75031185,1,0.2745,0.50224806,0.8,fast,19.59,328.6102295,6.2865448,38.85621611,0.962860133,0.645014728,1.22331478,1.321706225,1.264718586,1.055316305,1.176893873,1.159192532,1.252426612,1.198426083
180301_03_B_CausewayBay_02.mp4,3.1780201,1920,1080,15.52,25,388,3885.625366,58.90541935,1,0.3227,0.712284613,0.9,fast,37.93,95.10339355,1.470677376,42.78593592,0.976149535,0.704131666,1.892406166,1.924784722,1.8772731,1.403660131,1.276539464,1.348194,1.371261233,1.337412853
180301_03_B_CausewayBay_03.mp4,3.0954212,1920,1080,30.44,25,761,3809.698242,113.2665501,1,0.2882,0.550053915,0.95,fast,34.17,83.23657227,2.524577141,41.62838711,0.963558281,0.536987699,1.68627858,1.831466932,1.693852916,1.153015827,1.460212013,1.462493871,1.588414391,1.469063023
180626_07_DMZ_08.mp4,4.5333008,1920,1080,8.56,25,214,4242.866333,35.80779743,1,0.2749,0.883031719,0.94,fast,6.84,419.2156982,3.575533867,34.54986109,0.972105391,0.650818186,1.501136074,1.68332262,1.53950921,1.042059219,1,1.440547759,1.615380958,1.477372093
19946059-preview.mp4,3.6303293,596,336,24.94,50,1247,109.8632813,2.681645393,1,0.03798,0.532316588,0.9125,veryfast,2.55,10.58569336,0.263055801,48.13,0.994056299,0.846509324,1.418604651,1.189046015,1.164443504,1.039050132,1,1.3652899,1.144358658,1.120680772
25506602-preview.mp4,3.1262282,596,336,21.76,25,544,109.8632813,2.375465393,1,0.26625,0.392828253,0.95327,faster,2.14,15.25512695,0.330752373,41.11,0.979362731,0.781710597,1.034722222,1.092551257,1.147173678,1.047411444,1,0.98788516,1.043096543,1.095246461
6380351-preview.mp4,3.8094831,596,336,27.695,29.97,830,109.8632813,2.973053932,1,0.15241,0.484223559,0.95402,faster,2.98,19.21398926,0.530191422,42.6,0.981069194,0.775901501,1.305194805,1.354471995,1.338404551,1.04950495,1,1.243629012,1.290581806,1.275272261
720-120fps View.MOV,3.5250802,1280,720,10.625,120,1275,3466.872314,37.75668812,1,0.0819,0.67604027,0.92,veryfast,14.12,923.3747559,9.775444984,30.1870951,0.918852487,0.501859839,1.223373495,1.305281399,1.257210019,1.024263226,1.048538871,1.194393651,1.274361282,1.22742864
720-120fps Walking.MOV,3.1019939,1280,720,10.125,120,1215,5566.698608,56.74141026,1,0.426,0.702161159,0.6,fast,26,1999.579224,20.17266655,27.33784554,0.899214612,0.42754818,1.080639642,1.163612658,1.104729441,1.035338549,1.042772226,1.04375486,1.123895811,1.067022418
acoustic_guitar_guitar_player_805.mp4,3.1466442,1280,720,7.32,25,183,298.1385498,2.134100914,1,0.37065,0.561353535,0.89391,faster,2.45,59.29162598,0.432448387,42.44,0.986992222,0.713614242,1.022058824,1.190071084,1.060892895,1.04016298,1,0.982594885,1.144119822,1.019929487
Animal.mp4,3.7052532,1920,1080,35.75,24,858,1610.656616,56.24213409,2,0.14086,0.371390464,0.83119,fast,28.17,173.631958,6.184938431,46.92,0.980175123,0.463392056,1.495495495,1.516915614,1.464955703,1.058513022,1.141585858,1.412826733,1.43306278,1.383975135
Animal_2.mp4,4.2224479,1280,720,20.167,24,484,997.9141846,19.65929127,1,0.01475,0.746488828,0.99277,faster,3.26,9.327514648,0.187428474,42.72,0.975215134,0.616012866,1.424657534,1.64563561,1.310686223,1.031531532,1.005829578,1.381109051,1.595332338,1.270621578
Animal_3.mp4,3.2714948,1280,720,41.833,24,1004,829.5612793,33.90235138,1,0.00673,0.893018667,0.98163,veryfast,9.98,43.11132813,1.797013283,37.66,0.937875638,0.578330911,1.114754098,1.147236031,1.113319743,1.03173321,1,1.080467399,1.111950279,1.079077161
Animal_4.mp4,3.2392186,1280,720,29.083,24,698,1629.902222,46.30081749,1,0.04014,0.722612064,0.98203,fast,12.31,78.04382324,2.261634827,38.38,0.944599633,0.557612179,1.258928571,1.357558717,1.247751183,1.067708333,1.117303175,1.179094077,1.271469628,1.168625498
Arena Steps 1080p30.mp4,4.6148838,1920,1080,16.652,29.97,499,1464.875,24.34344292,2,0.33628,0.504950933,0.88596,fast,15.06,175.0611572,2.927621841,26.94,0.955695739,0.650392154,2,1.81529121,1.545581216,1.058474017,1.097474666,1.889512608,1.715007814,1.460197597
Arndale 1080p30.mp4,4.7151551,1920,1080,16.205,29.97,486,1464.875,23.51748943,1,0.07514,0.767310011,0.98461,veryfast,8.77,133.3920898,2.164183617,29.44,0.95713574,0.705893868,1.678571429,1.724069223,1.417357177,1.021140856,1.001071744,1.643819674,1.68837552,1.388013387
Baby_goats.mp4,3.9157182,1280,720,29.279,23.976,702,1122.787354,32.11279297,1,0.25741,0.466512453,0.84744,faster,10.17,90.8548584,2.650629997,36.9,0.943565461,0.609328686,1.336206897,1.396733232,1.309984311,1.032486051,1,1.2941646,1.35278654,1.268767079
Baby_goats_2.mp4,3.9649545,1920,1080,19.786,29.97,593,1621.998291,31.34929466,1,0.33283,0.099859025,0.80333,faster,18.77,193.0472412,3.805846214,41.48,0.975816768,0.668215785,1.233333333,1.374788198,1.466346912,1.027620478,1,1.200183686,1.337836514,1.426934304
bars_100.avi,4.1686934,720,576,4.04,25,101,2983.59375,14.73564529,1,0,0.92372449,0.97,veryfast,0.37,2.554199219,0.010281563,50.42525676,0.997299314,0.85884951,1.684952961,1.809505515,1.65145749,1.065217391,1.158842697,1.581792576,1.698719463,1.550347848
bb1.mkv,4.3651539,1280,720,172.714,29.97,5176,447.0131836,75.39593601,2,0.11812,0.44298714,0.93483,faster,41.93,23.11437988,3.977581024,44.8,0.980354715,0.603399027,1.76056338,1.481498216,1.283086108,1.036652498,1,1.698315861,1.42911749,1.237720558
bb2.mkv,4.294333,1280,720,252.925,29.97,7580,1749.949585,432.2324352,24,0.28749,0.453188671,0.80082,fast,163.79,118.4677734,29.85460472,44.8,0.874482861,0.409703983,1.779411765,1.566366869,1.368219808,1.097725418,1,1.620998964,1.42692047,1.246413526
bb3.mkv,4.2181931,1280,720,289.608,29.97,8679,398.5480957,112.7174883,4,0.33707,0.453191608,0.9309,veryfast,88.45,58.39001465,16.84808636,44.54,0.984777889,0.715960389,1.541353383,1.442728291,1.386184437,1.032011546,1.003914824,1.493542771,1.39797689,1.343186947
bb4.mkv,4.0369217,1280,720,166.982,29.97,5004,490.7335205,80.02311134,3,0.0745,0.444107161,0.95767,veryfast,38.81,21.390625,3.558614731,44.54,0.977692594,0.723444253,1.583333333,1.392305181,1.231548686,1.037702042,1.004312438,1.525807283,1.341719612,1.186803761
bb5.mkv,4.1354997,1280,720,289.443,29.97,8674,358.5378418,101.3439989,2,0.09707,0.454651451,0.94576,veryfast,74.48,28.58691406,8.243812561,44.8,0.9768081,0.602168492,1.736111111,1.360534395,1.199666697,1.03504969,1.003706279,1.677321511,1.314462878,1.159042612
Bee.mp4,3.0912116,1920,1080,26.76,29.97,802,1628.141968,42.55849838,1,0.09791,0.291049618,0.95626,fast,21.23,57.15222168,1.523873329,46.66,0.992783211,0.559656594,1.523809524,1.890375431,1.371683351,1.071575614,1.44480484,1.422027064,1.764108297,1.28006212
birds_tweeting_bathing_river_water_680.mp4,5.8902909,1920,1080,32.044,29.97,960,511.9628906,16.42278481,1,0.42221,0.411627261,0.77508,faster,24.75,363.5404053,11.60289478,22.71,0.649715684,0.179629867,2,2,2,1.016634571,1.001958274,1.967275221,1.967275221,1.967275221
bumblebee credits.mkv,2.9927683,1920,1080,185.018,24,4435,1095.494629,68.9848299,2,0.10098,0.487713818,0.93871,fast,499.03,34.19726563,6.302868843,47.27,0.993475,0.781521694,1.987341772,2,1.998194876,2,1,0.993670886,1,0.999097438
bumblebee scene 1.mkv,3.2547585,1920,1080,163.412,24,3918,1095.494629,218.0718145,17,0.18279,0.157611388,0.62345,faster,107.83,165.0507813,26.87425613,42.96,0.977558464,0.505841462,1.150793651,1.184306595,1.129802349,1.027378004,1.036196198,1.120126815,1.152746692,1.099694898
bumblebee scene 2.mkv,3.8959223,1920,1080,486.861,24,11672,1095.494629,720.5618916,21,0.29039,0.75,0.76157,faster,348.21,209.0810547,101.4174623,41.37,0.961163662,0.439522347,1.28,1.335754446,1.389528351,1.028070507,1,1.245050793,1.299282916,1.351588574
bumblebee scene 3.mkv,3.5734785,1920,1080,300.633,24,7207,1095.494629,372.2027903,9,0.30004,0.171315209,0.86504,faster,164.65,130.0430908,38.94882965,40.98,0.961699906,0.55468763,1.179245283,1.354920967,1.135627818,1.026952882,1,1.148295412,1.319360402,1.105822709
bumblebee scene 4.mkv,3,1920,1080,240.323,24,5762,1095.494629,259.594182,7,0.10222,0.221757289,0.79566,fast,893.2,43.70129395,10.46455765,45.65,0.983165069,0.366941008,2,2,2,2,1,1,1,1
bumblebee scene 5.mkv,3.46472,1920,1080,241.574,24,5792,1095.494629,306.4209423,8,0.10642,0.302630891,0.86911,faster,111.6,36.81933594,8.862512589,43.1,0.974390241,0.510520047,1.214285714,1.322157617,1.134431687,1.033541903,1.02511685,1.174878068,1.279249165,1.097615572
Burgos  Spain- A Virtual Day in the Pedestrian Precinct (Short version 720p).mp4,4.5432836,1280,720,325.023,29.97,9741,305.1757813,103.2941685,4,0.3202,0.675833768,0.94195,faster,98.3,74.94750977,24.27179813,67,0.981036941,0.719567894,2,1.504255504,1.162086542,1.027085786,1,1.947257014,1.46458604,1.131440584
byger-20030708-liten.avi,2.9561368,1024,576,121.48,25,3037,374.2772217,44.47452354,5,0.31566,0.245176623,0.95733,fast,43.77,61.93444824,7.496641159,39.31919256,0.955238392,0.552932302,1.101904506,1.125623866,1.075672984,1.061431469,1.052733802,1.038130617,1.060477194,1.013417272
cat_feline_animal_pet_house_cat_427.mp4,4.8547825,1920,1080,14.84,50,742,328.3735352,4.76262188,1,0.09753,0.861755944,0.99188,veryfast,11.05,52.44091797,0.775415421,41.09,0.975964152,0.72229242,1.592178771,1.804637965,1.628795369,1.030921138,1.004138794,1.54442344,1.750510197,1.579941771
credit-Ralph.Breaks.the.Internet.2018.1080p.BluRay.x264-SPARKS.avi,5.2658952,1920,808,61.248,30,1468,764.5021973,47.17855263,1,0.18853,0.640797381,0.67046,faster,16.92,48.84777832,2.977091789,15.62478597,0.642175457,0.033994872,1.752894885,2,1.642393086,1.020338752,1.004148711,1.717953847,1.960133333,1.609654717
credit-Robin.Hood.2018.1080p.WEB-DL.DD5.1.H264-FGT.avi,5.3105593,1920,798,60.024,30,1438,1265.165161,75.48967361,1,0.08508,0.668956815,0.33618,fast,19.92,85.53283691,5.106376648,14.60618255,0.80915096,0.1062746,1.906521343,2,1.625541663,1.041710051,1,1.830184265,1.919920038,1.560455005
Cutted_wood.mp4,4.354105,1920,1080,33.534,29.97,1005,1564.610596,51.25009632,1,0.32662,0.28885927,0.91732,faster,19.47,99.12243652,3.311873436,42.79,0.980826116,0.777456176,1.383333333,1.609301371,1.473708171,1.025404569,1.000363672,1.349061019,1.569430661,1.437196805
Day Drive (inverted) 1080p30.mp4,3.3439063,1920,1080,31.192,29.97,935,1464.875,45.00297832,1,0.35276,0.434892296,0.89519,faster,31.66,359.4970703,11.19874859,27.2,0.911827023,0.583851097,1.166666667,1.20262594,1.023504703,1.014620939,1,1.149854711,1.185295803,1.008755747
deer_animal_food_eating_bushes_474.mp4,3.7156948,1920,1080,16.725,23.976,400,1217.440796,20.53606033,1,0.0584,0.835527195,0.9918,veryfast,7.55,128.4077148,2.139866829,37.77,0.962369561,0.687455635,1.353932584,1.553226588,1.383354743,1.018852999,1.133333569,1.328879225,1.524485465,1.357756952
dock_jetty_pier_boy_teen_teenager_453.mp4,4.2615626,1920,1080,12.08,25,302,430.9847412,5.086317062,1,0.02205,0.872837881,0.99152,veryfast,5,100.2875977,1.207101822,38.77,0.970117085,0.664419619,1.409090909,1.539788961,1.413323894,1.023087687,1.000516414,1.377292414,1.505041045,1.381429874
dog_canine_walk_pet_park_estray_804.mp4,4.3790137,1920,1080,10.444,29.97,313,483.1779785,4.932394028,1,0.1942,0.497793478,0.9214,veryfast,6.59,132.3745117,1.377397537,41.31,0.973528873,0.692930879,1.427710843,1.631919492,1.437461008,1.026964433,1,1.390224235,1.589071091,1.399718394
dog_pet_canine_white_sitting_lying_433.mp4,4.9361663,1920,1080,14.68,50,734,319.2976074,4.581183434,1,0.07462,0.72168104,0.98766,faster,11.84,93.3762207,1.365815163,41.49,0.9763184,0.660682645,1.58,1.847945412,1.665103463,1.029820436,1.001905028,1.534248054,1.79443459,1.616887182
duck_family_ducks_series_water_831.mp4,2.9242567,1920,1080,8.192,25,204,1904.912231,15.31263065,1,0.04961,0.853108155,0.90667,faster,7.44,317.0212402,2.577555656,30.34,0.955200447,0.559525268,1,1,1.004916582,1.027583054,1,0.973157348,0.973157348,0.977941956
espresso_coffee_coffee_machine_555.mp4,4.3301956,1920,1080,66.624,29.97,1994,551.8309326,37.71563339,1,0.18735,0.709498635,0.97048,faster,41.41,70.84179688,4.696300507,43.8,0.987198448,0.772341416,1.354609929,1.671068073,1.459792201,1.035858556,1,1.307717082,1.613220321,1.409258236
espresso_coffee_ristretto_443.mp4,3.6421323,1920,1080,16.9,50,845,325.3530273,5.374081612,1,0.02118,0.626337449,0.98953,fast,25.5,27.94995117,0.470648766,47.34,0.993665265,0.757401716,1.666666667,1.885694147,1.814863587,1.204232534,1.223724569,1.38400734,1.565888725,1.507070715
fight1-Robin.Hood.2018.1080p.WEB-DL.DD5.1.H264-FGT.avi,3.5146937,1920,798,58.68,30,1406,2130.918457,123.325243,14,0.19698,0.023150589,0.46947,fast,73.74,141.8182373,8.27829361,17.09416927,0.767542293,0.128498674,2,1.845217714,1.713570892,1.104876089,1.431459633,1.810157736,1.67006756,1.550916803
fight2-FRobin.Hood.2018.1080p.WEB-DL.DD5.1.H264-FGT.avi,3.326763,1920,798,52.8,30,1264,2116.720703,110.1729431,10,0.24131,0.122806691,0.46774,fast,69.58,192.5786133,10.10593224,16.3557894,0.746173515,0.133098354,2,1.915652619,1.675929733,1.095627913,1.534086246,1.825437246,1.748451821,1.529652278
fight3-Robin.Hood.2018.1080p.WEB-DL.DD5.1.H264-FGT.avi,3.6967175,1920,798,58.128,30,1394,1834.600098,105.4683132,3,0.39492,0.284431978,0.60618,faster,39.75,129.0269775,7.467352867,16.91890071,0.748237369,0.121243919,1.086615413,1.982861394,1.341529523,1.023264886,1.166093431,1.061910193,1.937779182,1.311028592
Forest_Slice.mov,4.3498616,1920,1080,10,25,250,4367.943115,42.79103088,1,0.18416,0.877462506,0.95512,faster,5.14,108.8154297,1.084226608,40.17506241,0.971082554,0.719036996,1.325424334,1.693973267,1.42983146,1.022843823,1,1.295822788,1.656140682,1.397898123
FroggerHighway.mp4,3.8837202,1920,1080,51.833,24,1243,5493.125,274.4662342,1,0.09169,0.567772657,0.8476,fast,72.9,23.85925293,1.232496262,45.16231011,0.986221776,0.607262797,1.783157249,1.752594307,1.835948146,1.38313253,1,1.289216478,1.267119577,1.327384113
gravity.falls.s02e18.1080p.bluray.x264-taxes.mkv,3.1532798,1920,1080,1384.95,23.976,33204,640.625,1115.5765,157,0.34283,0.388303298,0.77526,fast,1988.14,873310,154248671,43.52,0.99225,0.999999984,1.816513761,1.923076923,2,1.318447088,1.380561358,1.377767662,1.458592416,1.516936113
gravity.falls.s02e19.1080p.bluray.x264-taxes.mkv,3.3314823,1920,1080,1324.896,23.976,31764,677.9785,1115.6447,209,0.12441,0.178336383,0.44138,fast,1629.53,704307,119003477,43.52,0.99335,0.999999984,1.809090909,1.938461538,2,1.301748507,1.325312643,1.389739184,1.489121384,1.536395078
gravity.falls.s02e20.1080p.bluray.x264-taxes.mkv,3.2213641,1920,1080,2638.998,23.976,63271,683.3496094,2238.944418,341,0.30173,0.182000814,0.72078,fast,3579.13,95.43383789,250.9341545,43.93,0.99275,0.999999985,1.955752212,1.90625,2,1.315480239,1.383317403,1.486721088,1.449090562,1.520357311
guitarist_music_man_boy_guitar_355.mp4,3.5771768,1280,720,25.472,23.976,610,265.3000488,6.610398293,1,0.29482,0.424769857,0.7222,faster,9.15,56.63024902,1.435584068,41.76,0.979751231,0.694354744,1.093220339,1.455173499,1.174372312,1.040699523,1,1.05046684,1.398264789,1.128445134
Hanna.S01E01.Forest.1080p.AMZN.WEB-DL.DDP5.1.H.264-NTG.mkv,4.0125249,1920,1080,2893.824,23.976,69382,909.9595947,2793.483319,7,0.08482,0.617345286,0.91085,faster,1273.11,41.78344727,120.4769068,47.29,0.986602518,0.75012492,1.323529412,1.411583014,1.406280217,1.032116379,1,1.28234513,1.367658767,1.362520977
Hanna.S01E02.1080p.AMZN.WEB-DL.DDP5.1.H.264.1-NTb.mkv,3.962761,1920,1080,2829.888,23.976,67849,991.6379395,2957.839188,6,0.14592,0.617345286,0.9214,veryfast,1306.29,48.23986816,136.0198078,47.16,0.985112388,0.749888439,1.291079812,1.40147787,1.409631685,1.031853105,1.003228702,1.25122443,1.35821452,1.366116629
Hanna.S01E03.1080p.AMZN.WEB-DL.DDP5.1.H.264.1-NTb.mkv,4.0950167,1920,1080,3244.608,23.976,77792,841.22229,2914.625203,28,0.15969,0.617345286,0.89063,veryfast,1504.09,46.00524902,148.7287016,47.34,0.989450375,0.751174409,1.383928571,1.431119123,1.45255234,1.03276514,1.009082012,1.340022545,1.385715946,1.40646918
Hanna.S01E04.1080p.AMZN.WEB-DL.DDP5.1.H.264.1-NTb.mkv,4.1291725,1920,1080,3346.336,23.976,80231,863.9609375,3080.326667,8,0.11543,0.617345286,0.89928,veryfast,1425.37,29.54284668,98.50241852,47.33,0.989827146,0.750951456,1.370044053,1.469167017,1.424338624,1.031758172,1.000761039,1.327873226,1.423945123,1.380496576
Hanna.S01E05.1080p.AMZN.WEB-DL.DDP5.1.H.264.1-NTb.mkv,4.162854,1920,1080,3244.896,23.976,77799,780.2791748,2721.863653,17,0.13023,0.617345286,0.91311,veryfast,1440.67,37.46948242,121.144351,47.34,0.990251938,0.75086974,1.384259259,1.491889268,1.438235616,1.032988156,1.003303413,1.34005337,1.444246248,1.392306008
Hanna.S01E06.1080p.AMZN.WEB-DL.DDP5.1.H.264.1-NTb.mkv,3.9463338,1920,1080,3095.648,23.976,74221,863.2237549,2847.384248,8,0.18963,0.617345286,0.92763,faster,1400.06,47.7109375,147.1625843,47.05,0.988202516,0.746555955,1.247747748,1.450501701,1.372972876,1.031646732,1,1.209471915,1.4060062,1.330855645
Hanna.S01E07.1080p.AMZN.WEB-DL.DDP5.1.H.264.1-NTb.mkv,4.0863285,1920,1080,2999.424,23.976,71914,820.79,2404.197,14,0.14997,0.617345286,0.93259,veryfast,1306.78,45.875,134,47.16,0.98882479,0.749416573,1.378378378,1.382263847,1.454230052,1.031457023,1,1.336341067,1.340108038,1.409879442
Hanna.S01E08.1080p.AMZN.WEB-DL.DDP5.1.H.264.1-NTb.mkv,3.9961923,1920,1080,2906.976,23.976,69697,854.5456543,2648.970993,16,0.22686,0.617345286,0.91719,faster,1443.08,81.73535156,236.7427063,46.93,0.986977931,0.744365412,1.339622642,1.336331513,1.441605092,1.030370647,1,1.30013665,1.296942529,1.399113121
HS051.mov,3.6699625,1920,1080,12.44,25,310,3122.967407,38.23340607,1,0.17277,0.779498794,0.89368,faster,9.56,405.6120605,5.027602196,36.0711987,0.958480193,0.641578367,1.101770372,1.406051755,1.23405474,1.019595382,1,1.080595687,1.379029152,1.210337711
INtensity-Robin.Hood.2018.1080p.WEB-DL.DD5.1.H264-FGT.avi,5.1513781,1920,798,12.6,30,302,1374.126343,17.09268951,1,0.26722,0.592693854,0.92563,faster,4.83,90.82373047,1.131923676,20.12167437,0.699296799,0.132535607,1.696825111,2,1.56806582,1.022035438,1,1.660240974,1.956879307,1.534257777
Into the Sun 1080p60.mp4,3.7382042,1920,1080,20.634,59.94,1237,3051.875,61.90731812,1,0.40073,0.529347544,0.77629,fast,36.05,316.5980225,6.525822639,28.48,0.935262161,0.591924559,1.772727273,1.722131928,1.576643804,1.062477443,1.276891353,1.66848462,1.620864461,1.483931554
Jasmine_flower_2.mp4,4.880299,1920,1080,27.294,29.97,818,1617.957642,43.13607216,1,0.09469,0.777541549,0.99477,faster,14.64,47.3079834,1.286564827,42.51,0.984727839,0.755250865,1.510791367,1.858432826,1.665864721,1.031717306,1,1.464346248,1.801300429,1.614652299
jellyfish-03-mbps-hd-h264.mkv,2.924801,1920,1080,30.03,29.97,900,357.0549316,10.6836586,1,0.3739,0.575474082,0.95,faster,25.73,252.5529785,7.556792259,39.35181238,0.965439484,0.56351782,1.003343798,1.004627933,1.00353235,1.029644108,1,0.974456893,0.975704057,0.974640016
jellyfish-30-mbps-hd-h264.mkv,2.9433021,1920,1080,30.03,29.97,900,3574.299316,106.9487982,1,0.3787,0.638036343,0.94,faster,28.69,323.8612061,9.690447807,38.0098085,0.94673608,0.526296297,1.00566633,1.007139706,1.006037873,1.02566567,1,0.980501112,0.981937619,0.980863357
jellyfish-70-mbps-hd-h264.mkv,2.9478508,1920,1080,30.03,29.97,900,8341.550781,249.5926313,1,0.3775,0.640082623,0.94,faster,30.28,332.4677734,9.947967529,37.86782252,0.943904213,0.519260993,1.00655716,1.008329735,1.007339399,1.025230419,1,0.981786281,0.983515234,0.98254927
Kitty.mp4,3.6748198,1920,1080,25.192,29.97,755,1602.606934,39.43626595,1,0.15532,0.813212789,0.9809,veryfast,12.7,67.88110352,1.70382309,39.46,0.96304499,0.666509465,1.37254902,1.592558354,1.353220142,1.022359518,1.149412419,1.342530681,1.557728301,1.323624536
legs_up_desk_home_office_relaxed_405.mp4,3.7563754,1920,1080,13.56,25,339,330.2473145,4.375386238,1,0.10435,0.347846344,0.96953,veryfast,5.55,31.53088379,0.426016808,43.33,0.977656755,0.615219371,1.320610687,1.452228909,1.118871228,1.030954208,1.004921637,1.280959597,1.408626006,1.085277327
Love.Death.and.Robots.S01E10.Shape-Shifters.1080p.NF.WEB-DL.DDP5.1.x264-NTG.mkv,4.5207166,1920,1080,970.432,24,23290,654.296875,647.6422443,10,0.18503,0.350824588,0.86892,faster,471.8,66.61315918,64.40924358,45.9,0.98795,0.6933,1.548295455,1.584615385,1.536354057,1.032859448,1,1.499037897,1.534202342,1.487476403
Love.Death.and.Robots.S01E11.Helping.Hand.1080p.NF.WEB-DL.DDP5.1.x264-NTG.mkv,4.5603594,1920,1080,604.448,24,14506,424.8046875,274.2544537,6,0.13804,0.378489327,0.90292,faster,253.53,45.98059082,27.69112682,46.47,0.99015,0.704050049,1.53133515,1.636363636,1.5438505,1.033153054,1,1.482195831,1.583854037,1.494309574
Love.Death.and.Robots.S01E12.Fish.Night.1080p.NF.WEB-DL.DDP5.1.x264-NTG.mkv,3.6998072,1920,1080,614.432,24,14746,528.9412842,350.4987516,16,0.29201,0.336581709,0.90233,faster,265.9,71.29919434,43.64929771,46.36,0.9904,0.7204,1.528198074,1.449438202,1.490957974,1.030496777,1.172047435,1.482972202,1.406543169,1.446834194
Love.Death.and.Robots.S01E13.Lucky.13.1080p.NF.WEB-DL.DDP5.1.x264-NTG.mkv,3.6342381,1920,1080,888.448,24,21322,755.6152344,680.450242,15,0.17377,0.303210464,0.87726,faster,468.95,85.55566406,75.73477364,47.8,0.98805,0.697450244,1.542776999,1.509090909,1.536223905,1.032543582,1.222673011,1.494151943,1.461527567,1.487805389
Love.Death.and.Robots.S01E14.Zima.Blue.1080p.NF.WEB-DL.DDP5.1.x264-NTG.mkv,3.6164073,1920,1080,624.448,24,14986,542.505249,364.5730247,30,0.31701,0.216180371,0.90323,faster,263.55,62.91210938,39.14157963,47.61,0.99145,0.750150049,1.537414966,1.53030303,1.533885404,1.02813388,1.237605354,1.495345107,1.488427782,1.491912128
Love.Death.and.Robots.S01E15.Blindspot.1080p.NF.WEB-DL.DDP5.1.x264-NTG.mkv,3.1608379,1920,1080,524.448,24,12586,334.4726563,193.4730911,21,0.15209,0.309018568,0.83506,fast,788.51,46.20751953,24.14454079,49.51,0.99435,0.751500146,1.955922865,1.93877551,1.954661744,1.363606647,1.357116182,1.434374693,1.421799692,1.433449851
Love.Death.and.Robots.S01E16.Ice.Age.1080p.NF.WEB-DL.DDP5.1.x264-NTG.mkv,3.8259811,1920,1080,630.432,24,15130,526.493042,358.1271877,16,0.13178,0.262187872,0.90877,faster,283.54,46.59020996,29.26520634,47.15,0.98975,0.710800049,1.539509537,1.630434783,1.55685412,1.034440124,1.19431504,1.488253889,1.576151916,1.505021011
Love.Death.and.Robots.S01E18.The.Secret.War.1080p.NF.WEB-DL.DDP5.1.x264-NTG.mkv,4.2497975,1920,1080,982.432,24,23578,868.3200684,886.0022898,23,0.18962,0.272988506,0.8581,faster,552.11,114.0140381,111.605093,49.36,0.97475,0.640650049,1.558951965,1.28358209,1.533766125,1.029766762,1,1.513888409,1.246478462,1.489430599
Market 720p120.mp4,5.2013511,1280,720,20.666,119.88,2477,2197.375,44.4876585,1,0.25199,0.620376948,0.77504,faster,26.65,519.4188232,10.72144032,17.26,0.587705967,0.056304123,2,2,1.330831159,1.024893547,1,1.95142218,1.95142218,1.298506721
marmots_family_animals_furry_cute_968.mp4,5.0045638,1280,720,27.03,29.97,810,327.7647705,9.205666542,1,0.23222,0.76223319,0.92637,faster,9.64,99.01452637,2.666407585,24.21,0.743816817,0.294544536,1.714285714,1.892522989,1.56486823,1.027021536,1.006202988,1.669181857,1.842729604,1.523695634
mars-20030905.avi,4.2362198,1920,1080,15.24,25,381,1005.489136,14.97538948,1,0.0081,0.878627021,0.98,faster,5.4,24.39831543,0.370488167,44.64409227,0.992329338,0.570617414,1.322442251,1.644367188,1.387253623,1.027818024,1,1.286650185,1.599862184,1.34970743
messi goal.mp4,4.8185213,1920,1080,15.701,59.94,940,6843.75,105.0998707,1,0.25362,0.251626874,0.90947,veryfast,21,301.8652344,4.717063904,8.97,0.171185525,0.002300781,2,1.968670174,1.007760155,1.026810941,1.005804693,1.947778233,1.917266456,0.981446647
monarch_butterfly_wings_flying_627.mp4,3,1300,1000,8.333,30,249,1747.196167,14.55603981,1,0.04048,0.364118461,0.95432,fast,23.83,107.7167969,0.894364357,44.59,0.998064005,0.766479255,2,2,2,2,1,1,1,1
Next Window 1080p30.mp4,4.8063974,1920,1080,14.986,29.97,449,1464.875,21.85937881,1,0.12107,0.738556606,0.98471,veryfast,8.3,199.4783936,3.017548561,27.11,0.958257783,0.707267424,1.722222222,1.761389661,1.397335198,1.015510503,1,1.695917686,1.734486896,1.375992856
Night Drive 1080p30 (inverted).mp4,3.9091818,1920,1080,19.417,29.97,582,1444.561157,27.92597675,1,0.23254,0.454698676,0.93997,faster,11.69,104.18396,2.029755592,28.03,0.936010108,0.681985354,1.333333333,1.518717453,1.180068916,1.031448506,1,1.292680464,1.472412286,1.144089026
Old_acoustic_guitar.mp4,3.6934232,1920,1080,14.448,29.97,433,1450.858643,20.47636032,1,0.00797,0.883884366,0.99217,veryfast,6.22,48.72998047,0.701460838,39.28,0.966420199,0.64395469,1.406779661,1.460465634,1.388805681,1.02173913,1.12781463,1.376848179,1.429391897,1.359256624
packaging_band_conveyor_flat_conveyor_378.mp4,4.5695012,1920,1080,7.402,24,177,509.0925293,3.752221107,1,0.18348,0.685095469,0.87888,faster,4.81,120.6439209,0.886537552,42.1,0.979970181,0.729676097,1.457446809,1.72786141,1.541472198,1.034419338,1,1.408951626,1.670368434,1.49018115
racing1-Ralph.Breaks.the.Internet.2018.1080p.BluRay.x264-SPARKS.avi,5.2450086,1920,808,60,30,1438,2048.721924,121.3241043,16,0.2409,0.138990302,0.4,faster,41.45,199.0612793,11.88410759,11.85058309,0.59564183,0.089735062,1.6317932,2,1.698124431,1.016188546,1,1.605797671,1.968138696,1.671072202
racing2-Ralph.Breaks.the.Internet.2018.1080p.BluRay.x264-SPARKS.avi,3.225606,1920,808,60.192,30,1443,1808.66333,107.6396008,24,0.35799,0.179271519,0.55271,faster,42.59,217.5360107,13.0321455,10.94,0.573357792,0.057238102,1,2,1.401082189,1.02202975,1.335010318,0.978445099,1.956890199,1.370882002
Rain.mp4,3.8749677,1920,1080,17.451,29.97,523,1589.025879,27.08687973,1,0.24408,0.692178984,0.94504,faster,13.47,200.9367676,3.493691444,38.42,0.96819691,0.676843607,1.206349206,1.468575003,1.314752017,1.029602457,1,1.171665042,1.426351494,1.276951126
Rain_2.mp4,4.0287686,1920,1080,34.668,29.97,1039,1825.014893,61.80002022,1,0.00156,0.922657011,0.99646,veryfast,15.44,16.34509277,0.564609528,43.08,0.977068057,0.722622064,1.393939394,1.503004251,1.250682284,1.029502151,1,1.353993668,1.459933084,1.214841836
rain_thunder_water_lightning_387.mp4,2.9281907,1280,620,35.563,29,1017,604.201416,21.17356682,6,0.02861,0.166881057,0.89187,veryfast,12.53,48.99682617,1.712021828,44.08,0.981892157,0.53135685,1,1.008431051,1.029111137,1.037344398,1,0.964,0.972127533,0.992063136
random1-Ralph.Breaks.the.Internet.2018.1080p.BluRay.x264-SPARKS.avi,4.1076879,1920,808,300.984,30,7216,1220.777466,366.1181374,39,0.3588,0.179668867,0.8,faster,152.81,113.4700928,34.02760887,12.67948653,0.584335466,0.050172856,1.937380764,2,1.684492824,1.023560004,1.337119823,1.892786702,1.953964587,1.645719663
random2-Ralph.Breaks.the.Internet.2018.1080p.BluRay.x264-SPARKS.avi,5.8470199,1920,808,301.008,30,7217,828.4587402,250.863821,35,0.3384,0.356581224,0.7,faster,115.19,77.73156738,23.31343174,13.35268086,0.604017775,0.04431834,2,2,2,1.026163767,1,1.949006644,1.949006644,1.949006644
rick.and.morty.2014.s01e01.pilot.720p.hdtv.x264.mkv,3.0270774,1280,720,1348.672,23.976,32335,278.225708,447.370141,182,0.21512,0.279588637,0.63227,fast,830.27,78.71679688,105.7773323,38.84,0.97276634,0.473838421,1.880530973,1.924124175,1.911399637,1.243813738,1.518159868,1.511907222,1.546955236,1.536724976
rick.and.morty.2014.s01e03.anatomy.park.720p.hdtv.x264.mkv,3.9665244,1280,720,1313.792,23.976,31499,416.0251465,616.1863623,185,0.20892,0.208178818,0.56572,faster,299.42,86.90258789,113.7581348,43.85,0.987023625,0.705255189,1.25974026,1.476708351,1.342061561,1.028232728,1,1.225150907,1.436161591,1.305211869
rick.and.morty.2014.s01e04.m.night.shaym-aliens!.720p.hdtv.x264.mkv,4.0263917,1280,720,1263.488,23.976,30293,395.7220459,567.0330553,212,0.21282,0.14292355,0.56813,fast,359.01,96.8026123,121.8658504,48.9,0.989201825,0.708694591,1.731958763,1.633736836,1.795536155,1.055802452,1.214100599,1.640419342,1.54738875,1.700636471
rick.and.morty.2014.s01e05.meeseeks.and.destroy.720p.hdtv.x264.mkv,3,1280,720,1268.256,23.976,30407,285.4255371,429.7934809,187,0.21327,0.245646775,0.61337,fast,2581.64,79.13952637,100.0045614,48.86,0.994684513,0.677985183,2,2,2,2,1,1,1,1
Robin.Hood.2018.1080p.WEB-DL.DD5.1.H264-FGT (2).avi,5.7478303,1920,798,60.024,30,1439,1132.62854,67.8105793,1,0.2171,0.15174504,0.94,faster,20.87,52.60546875,3.142790794,15.55800227,0.732921741,0.125972826,1.98622207,2,1.933845662,1.028937413,1.000999315,1.930362377,1.943752822,1.879458981
Robin.Hood.2018.1080p.WEB-DL.DD5.1.H264-FGT (3).avi,4.6343114,1920,798,60.024,30,1439,1929.886353,114.49897,5,0.5029,0.146813947,0.63,veryfast,50.1,188.2613525,11.2472229,13.47003045,0.69649309,0.075949814,1.479291025,1.988464136,1.316695201,1.024461641,1.00774614,1.44396917,1.940984471,1.285255736
Robin.Hood.2018.1080p.WEB-DL.DD5.1.H264-FGT.avi,5.3513972,1920,798,60.024,30,1439,1250.937134,74.73888779,1,0.2328,0.118926261,0.83,veryfast,27.7,72.19665527,4.313220024,17.22113236,0.744485031,0.124413362,1.791902755,2,1.76664784,1.032220823,1.006286772,1.735968424,1.937569903,1.711501842
Samsung Galaxy S9- Remix Your Everyday.mp4,2.9228265,1280,720,30.047,23.976,720,162.4312744,5.23041153,7,0.2644,0.140371392,0.58,faster,10.29,91.54199219,2.73908329,41.20747932,0.967820648,0.615453085,1.006526487,1.002576031,1.00449721,1.031056669,1,0.976208697,0.972377233,0.974240544
sawing_tools_saw_carpentry_wood_520.mp4,4.4928211,1920,1080,11.307,24,260,1025.941895,11.00958443,1,0.14585,0.697622591,0.98138,veryfast,4.72,42.51550293,0.458950996,41.78,0.972147767,0.621030988,1.456521739,1.695149918,1.485950614,1.03222945,1,1.411044549,1.642222006,1.439554562
seagull_ocean_boat_cruise_birds_401.mp4,3.2548772,1920,1080,15.68,50,784,321.9112549,4.933218002,1,0.06133,0.517410457,0.96847,faster,13.84,191.0062256,2.984168053,38.59,0.956278288,0.544679364,1.008064516,1.269543578,1.051708067,1.02286999,1,0.985525557,1.241158301,1.028193296
sitka_black_tailed_deer_deer_wildlife_969.mp4,3.9194759,1280,720,12.012,29.97,360,289.5743408,3.401821136,1,0.33622,0.917794978,0.84772,fast,5.53,181.0695801,2.167156219,34.66,0.967304515,0.642626132,1.563451777,1.677097131,1.571709507,1.049273021,1.170125465,1.490033333,1.598341993,1.497903287
surf_board_painting_building_making_1019.mp4,4.2144253,1920,1080,15.6,25,390,326.7354736,4.979997635,1,0.05723,0.837114169,0.98605,veryfast,6.95,82.6842041,1.285217285,40.57,0.973356385,0.703712065,1.347826087,1.59120741,1.386892544,1.026456918,1,1.313085881,1.550194053,1.351145401
Swan.mp4,3.2233169,1920,1080,24.024,29.97,720,1490.595581,34.98021793,1,0.07508,0.80635301,0.92989,veryfast,20.89,393.435791,9.417783737,36.75,0.941539467,0.594561897,1.103703704,1.150276958,1.124449778,1.030991159,1.016616226,1.070526837,1.115700119,1.090649293
talking1-Robin.Hood.2018.1080p.WEB-DL.DD5.1.H264-FGT.avi,5.4350016,1920,798,98.52,30,2362,793.5748291,78.73640251,1,0.3253,0.235198511,0.95,veryfast,33.13,39.06115723,3.83422184,14.72144372,0.696838727,0.086933999,1.628267475,2,1.960100373,1.028218244,1,1.583581583,1.945112346,1.906307717
talking2-Robin.Hood.2018.1080p.WEB-DL.DD5.1.H264-FGT.avi,5.3213213,1920,798,97.92,30,2347,841.3157959,82.76462746,2,0.3114,0.277667734,0.91,faster,42.38,65.06237793,6.339612007,15.13459815,0.696940468,0.105460806,1.891974195,1.997472095,1.633843163,1.037954513,1,1.822791049,1.924431245,1.574099002
Tumbbad cut 1.mkv,3.2258863,1920,816,121.457,24,2914,612.875,81.89019871,2,0.06957,0.944444444,0.89584,veryfast,41.13,52,6.14,44.16,0.96730704,0.401763378,1.159090909,1.129481977,1.02066883,1.025839549,1,1.129894933,1.101031811,0.994959525
Tumbbad cut 2.mkv,3.5672165,1920,816,123.083,24,2951,458.375,64.48530293,1,0.17339,0.285187814,0.92022,veryfast,45.75,42.375,5.08,42.04,0.980230523,0.406489851,1.173469388,1.283316883,1.211552109,1.028347552,1,1.141121389,1.247940815,1.178154318
Tumbbad cut 3.mkv,4.0191023,1920,816,123.323,24,2932,545.25,75.03220177,1,0.09452,0.199118316,0.92224,faster,39.38,21.625,2.57,44.98,0.984118625,0.550029928,1.267326733,1.60588641,1.265613109,1.029788721,1,1.230666744,1.559432898,1.229002691
Tumbbad cut 4.mkv,3.3896953,1920,816,62.916,24,1504,526.125,37.10638714,1,0.12157,0.105379966,0.92951,veryfast,22,46.25,2.83,39.46,0.965909437,0.379201648,1.054347826,1.321206042,1.106178924,1.027152152,1,1.026476773,1.286280752,1.076937747
Tumbbad cut 5.mkv,3.5056015,1920,816,66.235,24,1541,726.125,51.95376873,2,0.22824,0.224293948,0.85747,fast,59.79,76.375,4.77,44.42,0.983915823,0.640101937,1.754716981,1.835708351,1.759736266,1.119195046,1.363636364,1.567838409,1.640204142,1.572323137
Tumbbad cut 6.mkv,3.2946988,1920,816,62.166,24,1491,1066.25,69.33984566,1,0.17105,0.174909689,0.82503,faster,31.06,95.75,5.79,45.73,0.983172751,0.41416431,1.246268657,1.083714947,1.056932138,1.027989476,1,1.212336008,1.054208212,1.02815463
Tumbbad cut 7.mkv,4.4305065,1920,816,121.25,24,2910,443.75,61.79137421,1,0.04935,0.461465954,0.32151,fast,38.97,62.875,7.42,43.04,0.99779645,0.744215278,1.516260163,1.816826853,1.583848196,1.055175071,1.051759834,1.436974967,1.721825035,1.501028824
tv-control-room-static-camera-loop_n18w6shax__WL.mp4,4.7380246,1920,1080,30.04,25,751,1519.837769,44.58968639,1,0.0201,0.855021145,0.99,veryfast,11.06,54.95458984,1.644879341,40.85892928,0.981931162,0.719151503,1.542944136,1.738681187,1.5612096,1.022121097,1,1.509551207,1.701052049,1.527421363
vineyard_vine_production_greece_958.mp4,3.6778231,1280,720,32.908,23.976,789,356.9372559,11.48044395,1,0.40053,0.335601624,0.82415,fast,12.19,75.26782227,2.467973709,39.01,0.964016627,0.661254536,1.575,1.692336405,1.62250063,1.069405815,1.243257259,1.472780471,1.582501591,1.517198249
water_tap_dripping_drops_faucet_tap_424.mp4,3.3978856,1920,1080,14.306,23.976,343,329.1993408,4.601613998,1,7.00E-04,0.759026369,0.98686,faster,4.92,4.974975586,0.070914268,49.83,0.995420221,0.540848028,1.431372549,1.517023317,1.125453166,1.033805889,1.159730745,1.384566063,1.467416015,1.088650372
weidemeyers_admiral_butterfly_flower_524.mp4,5.3440685,1920,1080,8.011,29.97,240,511.9628906,4.181225777,1,0.5485,0.796955255,0.6535,veryfast,7.56,806.0043945,6.431186676,16.58,0.615166418,0.213016084,2,2,1.958237078,1.012871287,1.100757122,1.974584555,1.974584555,1.933352345
wide-20040607-small.avi,3.1989017,1024,576,79.12,25,1978,375.8397217,29.08767128,10,0.3515,0.245378266,0.95,faster,24.05,52.9206543,4.171964645,39.94634345,0.959829325,0.530323369,1.100438984,1.151573893,1.074711954,1.036760682,1.003084368,1.061420444,1.11074225,1.036605624
With Cars or Without-.mp4,4.4068956,1920,1080,60.16,29.97,1803,549.3164063,34.03019619,10,0.23207,0.692713333,0.82936,veryfast,28.46,156.1365967,9.359273911,51.38,0.959578478,0.680462881,1.639468691,1.435021168,1.41516741,1.018780032,1,1.609246982,1.408568213,1.389080435
With Cars or Without-_2.mp4,4.9724777,640,360,60.162,29.97,1803,89.2935791,6.061433792,13,0.13452,0.740772271,0.76019,veryfast,3.97,15.34655762,0.91991806,41.29,0.952114034,0.710206598,1.815789474,1.659211456,1.60399473,1.021171837,1.000244493,1.778142922,1.624811219,1.570739294
WP_20130802_10_42_24_Pro.mp4,4.5594053,1920,1080,15.406,24,370,2185.255981,33.38636589,1,0.17086,0.926180452,0.96,fast,12.5,397.3406982,6.097753525,35.51,0.947547369,0.599513469,1.554285714,1.668132802,1.64246575,1.047948543,1.018179521,1.48316988,1.591807931,1.567315267
