"","Video.Name","Metric","Width","Height","Video.Length","Frames.per.Second","Frame.Count","Original.Bitrate","Original.Size","Scene.Count","Avg.Motion","Avg.PCC","Compression.Preset","Compression.Duration","Compressed.Bitrate","Compressed.Size","Average.PSNR","Average.SSIM","Average.VIFp","Normalized.PSNR","Normalized.SSIM","Normalized.VIFp","Normalized.Duration","Normalized.Size","PSNR.By.Duration","SSIM.By.Duration","VIFp.By.Duration"
"1","bumblebee credits.mkv",2.9927683,1920,1080,185.018,24,4435,1095.494629,68.9848299,2,0.10098,0.93871,"slower",499.03,34.19726563,6.302868843,47.27,0.993475,0.781521694,1.9873417721519,2,1.99819487632121,2,1,0.993670886075951,1,0.999097438160606
"2","bumblebee scene 1.mkv",3.2547585,1920,1080,163.412,24,3918,1095.494629,218.0718145,17,0.18279,0.62345,"faster",107.83,165.0507813,26.87425613,42.96,0.977558464,0.505841462,1.15079365079365,1.18430659496684,1.1298023487919,1.02737800388246,1.03619619782041,1.12012681451696,1.15274669156956,1.09969489761547
"3","bumblebee scene 2.mkv",3.8959223,1920,1080,486.861,24,11672,1095.494629,720.5618916,21,0.29039,0.76157,"faster",348.21,209.0810547,101.4174623,41.37,0.961163662,0.439522347,1.27999999999999,1.33575444632456,1.38952835091754,1.02807050692087,1,1.24505079309557,1.29928291623229,1.35158857448334
"4","bumblebee scene 3.mkv",3.5734785,1920,1080,300.633,24,7207,1095.494629,372.2027903,9,0.30004,0.86504,"faster",164.65,130.0430908,38.94882965,40.98,0.961699906,0.55468763,1.17924528301887,1.35492096703882,1.13562781788997,1.02695288195034,1,1.14829541232632,1.31936040187708,1.10582270895744
"5","bumblebee scene 4.mkv",3,1920,1080,240.323,24,5762,1095.494629,259.594182,7,0.10222,0.79566,"slower",893.2,43.70129395,10.46455765,45.65,0.983165069,0.366941008,2,2,2,2,1,1,1,1
"6","bumblebee scene 5.mkv",3.46472,1920,1080,241.574,24,5792,1095.494629,306.4209423,8,0.10642,0.86911,"faster",111.6,36.81933594,8.862512589,43.1,0.974390241,0.510520047,1.21428571428572,1.32215761678994,1.13443168715759,1.03354190315346,1.02511684959608,1.17487806791459,1.27924916518225,1.09761557194372
"7","gravity.falls.s02e18.1080p.bluray.x264-taxes.mkv",3.1532798,1920,1080,1384.95,23.976,33204,640.625,1115.5765,157,0.34283,0.77526,"slow",1988.14,873310,154248671,43.52,0.99225,0.999999984,1.81651376146789,1.9230769230769,2,1.3184470876534,1.38056135838252,1.37776766203107,1.45859241609736,1.51693611274128
"8","gravity.falls.s02e19.1080p.bluray.x264-taxes.mkv",3.3314823,1920,1080,1324.896,23.976,31764,677.9785,1115.6447,209,0.12441,0.44138,"slow",1629.53,704307,119003477,43.52,0.99335,0.999999984,1.80909090909091,1.93846153846151,2,1.30174850747968,1.32531264276548,1.38973918440936,1.48912138352635,1.5363950782415
"9","Hanna.S01E01.Forest.1080p.AMZN.WEB-DL.DDP5.1.H.264-NTG.mkv",4.0125249,1920,1080,2893.824,23.976,69382,909.9595947,2793.483319,7,0.08482,0.91085,"faster",1273.11,41.78344727,120.4769068,47.29,0.986602518,0.75012492,1.3235294117647,1.41158301421188,1.40628021694054,1.0321163790418,1,1.28234512952255,1.3676587668557,1.36252097679731
"10","Hanna.S01E07.1080p.AMZN.WEB-DL.DDP5.1.H.264.1-NTb.mkv",4.0863285,1920,1080,2999.424,23.976,71914,820.79,2404.197,14,0.14997,0.93259,"veryfast",1306.78,45.875,134,47.16,0.98882479,0.749416573,1.37837837837838,1.38226384651962,1.45423005187265,1.03145702267101,1,1.33634106713336,1.34010803759926,1.40987944229305
"11","Hanna.S01E08.1080p.AMZN.WEB-DL.DDP5.1.H.264.1-NTb.mkv",3.9961923,1920,1080,2906.976,23.976,69697,854.5456543,2648.970993,16,0.22686,0.91719,"faster",1443.08,81.73535156,236.7427063,46.93,0.986977931,0.744365412,1.33962264150943,1.33633151300996,1.44160509237037,1.03037064711149,1,1.30013665011216,1.29694252913375,1.39911312148858
"12","Love.Death.and.Robots.S01E01.Sonnies.Edge.1080p.NF.WEB-DL.DDP5.1.x264-NTG.mkv",3.6758002,1920,1080,1034.432,24,24826,817.5930176,881.7144146,9,0.16213,0.86142,"faster",513.57,72.2019043,74.41723347,49.26,0.9887,0.661700049,1.54439592430859,1.41666666666668,1.5141269516633,1.03196677095695,1.1797604348696,1.49655586572468,1.3727832199025,1.46722452144388
"13","Love.Death.and.Robots.S01E02.Three.Robots.1080p.NF.WEB-DL.DDP5.1.x264-NTG.mkv",4.5020993,1920,1080,696.448,24,16714,490.7226563,361.4448538,6,0.14999,0.92136,"faster",284.88,57.03588867,39.5774231,45.8,0.98885,0.73875,1.53735632183908,1.56976744186046,1.52879815381222,1.02972448505185,1,1.49297831036976,1.52445383658272,1.48466718622821
"14","Love.Death.and.Robots.S01E03.The.Witness.1080p.NF.WEB-DL.DDP5.1.x264-NTG.mkv",4.5329653,1920,1080,726.432,24,17434,831.2988281,611.453145,32,0.25827,0.89424,"faster",396.65,127.3358154,92.16501713,46.16,0.97705,0.6818,1.53794037940379,1.56410256410256,1.56465434624932,1.02950209516744,1,1.49386813938796,1.51928060316202,1.51981657307345
"15","Love.Death.and.Robots.S01E04.Suits.1080p.NF.WEB-DL.DDP5.1.x264-NTG.mkv",3,1920,1080,1042.432,24,25018,654.296875,693.225563,21,0.21593,0.85895,"slower",4394.93,77.0994873,80.0797863,50.49,0.99375,0.774950195,2,2,2,2,1,1,1,1
"16","Love.Death.and.Robots.S01E05.Sucker.of.Souls.1080p.NF.WEB-DL.DDP5.1.x264-NTG.mkv",3.0954239,1920,1080,780.448,24,18730,515.1367188,424.6321201,34,0.23666,0.80546,"medium",671.16,108.0953369,84.05501938,46.55,0.99005,0.722500049,1.59400544959128,1.77173913043478,1.66358565142609,1.14046100556002,1.42465460200038,1.39768518329003,1.55352889910057,1.45869577593247
"17","Love.Death.and.Robots.S01E06.When.the.Yogurt.Took.Over.1080p.NF.WEB-DL.DDP5.1.x264-NTG.mkv",3.3645989,1920,1080,380.448,24,9130,402.0966797,169.9555578,22,0.30209,0.86962,"faster",154.17,48.78027344,18.48989391,47.79,0.992,0.744000122,1.53203342618384,1.54237288135595,1.5407278462503,1.0331569664903,1.32765342847602,1.48286608509088,1.49287371752957,1.49128147631259
"18","Love.Death.and.Robots.S01E07.Beyond.the.Aquila.Rift.1080p.NF.WEB-DL.DDP5.1.x264-NTG.mkv",4.4976897,1920,1080,996.448,24,23914,562.3924561,601.0414085,10,0.14313,0.88018,"faster",449.47,53.64160156,53.2564497,47.59,0.99155,0.724700146,1.53698630136986,1.56862745098041,1.5363585606488,1.03207926302472,1,1.48921343198527,1.51987110600713,1.48860520280796
"19","Love.Death.and.Robots.S01E08.Good.Hunting.1080p.NF.WEB-DL.DDP5.1.x264-NTG.mkv",3.0423,1920,1080,1032.448,24,24778,289.3066406,342.2180662,18,0.25317,0.89664,"slow",1288.81,53.66955566,55.20937538,49.54,0.99435,0.780800195,1.95640326975477,1.94594594594592,1.95344380016688,1.34727639691042,1.42865373866555,1.45211723016985,1.44435540502927,1.44992059880699
"20","Love.Death.and.Robots.S01E09.The.Dump.1080p.NF.WEB-DL.DDP5.1.x264-NTG.mkv",3.8242225,1920,1080,634.432,24,15226,525.706665,359.9583921,6,0.16281,0.87744,"faster",298.6,61.28356934,38.73895359,46.48,0.99115,0.730150097,1.52901484480432,1.60344827586208,1.53430926337033,1.03307302984844,1.18125170065693,1.480064623339,1.55211512597256,1.48518954521097
"21","Love.Death.and.Robots.S01E10.Shape-Shifters.1080p.NF.WEB-DL.DDP5.1.x264-NTG.mkv",4.5207166,1920,1080,970.432,24,23290,654.296875,647.6422443,10,0.18503,0.86892,"faster",471.8,66.61315918,64.40924358,45.9,0.98795,0.6933,1.54829545454545,1.58461538461539,1.536354056902,1.03285944810551,1,1.49903789657476,1.53420234236316,1.48747640322215
"22","Love.Death.and.Robots.S01E11.Helping.Hand.1080p.NF.WEB-DL.DDP5.1.x264-NTG.mkv",4.5603594,1920,1080,604.448,24,14506,424.8046875,274.2544537,6,0.13804,0.90292,"faster",253.53,45.98059082,27.69112682,46.47,0.99015,0.704050049,1.53133514986376,1.63636363636364,1.54385050028699,1.03315305441723,1,1.48219583082735,1.58385403727685,1.49430957367476
"23","Love.Death.and.Robots.S01E12.Fish.Night.1080p.NF.WEB-DL.DDP5.1.x264-NTG.mkv",3.6998072,1920,1080,614.432,24,14746,528.9412842,350.4987516,16,0.29201,0.90233,"faster",265.9,71.29919434,43.64929771,46.36,0.9904,0.7204,1.52819807427785,1.44943820224718,1.49095797365388,1.03049677699755,1.1720474353168,1.48297220174759,1.40654316888817,1.44683419389036
"24","Love.Death.and.Robots.S01E13.Lucky.13.1080p.NF.WEB-DL.DDP5.1.x264-NTG.mkv",3.6342381,1920,1080,888.448,24,21322,755.6152344,680.450242,15,0.17377,0.87726,"faster",468.95,85.55566406,75.73477364,47.8,0.98805,0.697450244,1.54277699859747,1.50909090909091,1.53622390454877,1.03254358157106,1.2226730107589,1.49415194296213,1.46152756748027,1.48780538852543
"25","Love.Death.and.Robots.S01E14.Zima.Blue.1080p.NF.WEB-DL.DDP5.1.x264-NTG.mkv",3.6164073,1920,1080,624.448,24,14986,542.505249,364.5730247,30,0.31701,0.90323,"faster",263.55,62.91210938,39.14157963,47.61,0.99145,0.750150049,1.53741496598639,1.53030303030304,1.53388540432097,1.02813387960087,1.23760535386331,1.49534510679021,1.48842778228174,1.491912128133
"26","Love.Death.and.Robots.S01E15.Blindspot.1080p.NF.WEB-DL.DDP5.1.x264-NTG.mkv",3.1608379,1920,1080,524.448,24,12586,334.4726563,193.4730911,21,0.15209,0.83506,"slow",788.51,46.20751953,24.14454079,49.51,0.99435,0.751500146,1.95592286501377,1.93877551020404,1.95466174448879,1.36360664669027,1.35711618243932,1.43437469284941,1.42179969194915,1.43344985097654
"27","Love.Death.and.Robots.S01E16.Ice.Age.1080p.NF.WEB-DL.DDP5.1.x264-NTG.mkv",3.8259811,1920,1080,630.432,24,15130,526.493042,358.1271877,16,0.13178,0.90877,"faster",283.54,46.59020996,29.26520634,47.15,0.98975,0.710800049,1.53950953678474,1.6304347826087,1.55685412023537,1.03444012353913,1.1943150401678,1.48825388899032,1.57615191590838,1.50502101069795
"28","Love.Death.and.Robots.S01E18.The.Secret.War.1080p.NF.WEB-DL.DDP5.1.x264-NTG.mkv",4.2497975,1920,1080,982.432,24,23578,868.3200684,886.0022898,23,0.18962,0.8581,"faster",552.11,114.0140381,111.605093,49.36,0.97475,0.640650049,1.5589519650655,1.28358208955224,1.53376612497541,1.02976676212625,1,1.51388840891174,1.2464784616877,1.48943059864208
"29","Tumbbad cut 1.mkv",3.2258863,1920,816,121.457,24,2914,612.875,81.89019871,2,0.06957,0.89584,"veryfast",41.13,52,6.14,44.16,0.96730704,0.401763378,1.1590909090909,1.12948197682659,1.02066883044534,1.02583954930287,1,1.12989493325597,1.10103181106067,0.994959524751172
"30","Tumbbad cut 2.mkv",3.5672165,1920,816,123.083,24,2951,458.375,64.48530293,1,0.17339,0.92022,"veryfast",45.75,42.375,5.08,42.04,0.980230523,0.406489851,1.1734693877551,1.28331688291613,1.21155210912473,1.02834755248987,1,1.14112138927531,1.2479408151543,1.17815431776085
"31","Tumbbad cut 3.mkv",4.0191023,1920,816,123.323,24,2932,545.25,75.03220177,1,0.09452,0.92224,"faster",39.38,21.625,2.57,44.98,0.984118625,0.550029928,1.26732673267326,1.60588641049896,1.26561310933135,1.02978872145409,1,1.23066674383825,1.55943289826616,1.2290026905172
"32","Tumbbad cut 4.mkv",3.3896953,1920,816,62.916,24,1504,526.125,37.10638714,1,0.12157,0.92951,"veryfast",22,46.25,2.83,39.46,0.965909437,0.379201648,1.05434782608696,1.32120604233141,1.10617892433561,1.02715215215215,1,1.02647677257729,1.28628075165217,1.07693774677674
"33","Tumbbad cut 5.mkv",3.5056015,1920,816,66.235,24,1541,726.125,51.95376873,2,0.22824,0.85747,"medium",59.79,76.375,4.77,44.42,0.983915823,0.640101937,1.75471698113208,1.83570835095684,1.75973626604989,1.11919504643963,1.36363636363636,1.56783840914429,1.64020414207208,1.57232313674721
"34","Tumbbad cut 6.mkv",3.2946988,1920,816,62.166,24,1491,1066.25,69.33984566,1,0.17105,0.82503,"faster",31.06,95.75,5.79,45.73,0.983172751,0.41416431,1.24626865671642,1.08371494663283,1.05693213849588,1.02798947559427,1,1.21233600761911,1.05420821162235,1.028154629584
"35","Tumbbad cut 7.mkv",4.4305065,1920,816,121.25,24,2910,443.75,61.79137421,1,0.04935,0.32151,"fast",38.97,62.875,7.42,43.04,0.99779645,0.744215278,1.51626016260163,1.81682685281056,1.58384819577536,1.05517507062751,1.05175983436853,1.43697496729135,1.72182503490164,1.50102882437645
